first_name,last_name,totalprice,depositpaid,checkin,checkout,additionalneeds
Lavina,Sinkins,14,false,10/17/2022,5/3/2023,quam sollicitudin vitae consectetuer eget rutrum at lorem integer tincidunt ante vel
Hastie,Bultitude,59,false,2/20/2023,1/10/2023,ut suscipit a feugiat et eros vestibulum ac est lacinia nisi venenatis tristique fusce congue
Aleece,Wilcocke,25,true,7/28/2023,6/15/2023,sit amet sapien dignissim vestibulum vestibulum ante ipsum primis in
Reinaldo,Cartin,77,false,1/14/2023,2/8/2023,nam nulla integer pede justo lacinia eget tincidunt eget tempus vel pede morbi porttitor lorem id
Matteo,Bottby,26,false,11/2/2022,11/13/2022,et tempus semper est quam pharetra magna ac consequat metus sapien ut nunc vestibulum ante ipsum
Trudy,Gratland,95,true,8/11/2023,7/17/2023,id sapien in sapien iaculis congue vivamus metus arcu adipiscing molestie hendrerit
Brendin,Yaakov,79,false,10/11/2022,5/2/2023,dui nec nisi volutpat eleifend donec ut dolor morbi vel lectus in quam fringilla rhoncus
Earlie,Chiswell,36,true,10/7/2022,1/4/2023,quis lectus suspendisse potenti in eleifend quam a odio in hac habitasse platea dictumst maecenas
Barclay,Dell'Abbate,20,true,4/20/2023,9/12/2023,pellentesque ultrices phasellus id sapien in sapien iaculis congue vivamus metus arcu adipiscing
Jedd,Works,41,true,11/11/2022,12/25/2022,laoreet ut rhoncus aliquet pulvinar sed nisl nunc rhoncus dui
